{"cameraMode":{"drawMode":0,"name":"Shaded","section":"Shading Mode"},"sceneLighting":true,"audioPlay":false,"sceneViewState":{"showFog":true,"showMaterialUpdate":false,"showSkybox":true,"showFlares":true,"showImageEffects":true,"showParticleSystems":true},"in2DMode":false,"pivot":{"x":560.689453125,"y":180.36349487304688,"z":-143.73052978515626},"rotation":{"x":-0.000495976593811065,"y":0.9829678535461426,"z":-0.18375875055789948,"w":-0.002653139177709818},"size":2108.31640625,"orthographic":true}